iteration,g_estimate
0,1.15
1,1.5284362017924287
2,1.4191878047011102
3,1.4004865888273679
4,1.4000003205738436
5,1.4000000000001396
6,1.4
7,1.4
8,1.4
